<?xml version="1.0" encoding="UTF-8"?>
<Settings>
	<!-- If the parent directory of muTool is not C:\, you only need to modify C:\ to be its directory -->
	<Mutation>
		<!-- Mutation home directory -->
		<Directory name="mutation_home">C:\muTool</Directory>
		<!-- Source package directory -->
		<Directory name="package_path">C:\muTool\retrobreaker\RetroBreaker\app\src\main\java</Directory>
		<!-- Source code bytecode directory -->
		<Directory name="classes_path">C:\muTool\retrobreaker\RetroBreaker\app\build\intermediates\classes\debug</Directory>
		<!-- AndroidManifest.xml manifest file path -->
		<Directory name="AndroidManifest_path">C:\muTool\retrobreaker\RetroBreaker\app\src\main</Directory>
		<!-- Mutant file output path -->
		<Directory name="mutants_path">C:\muTool\result\retrobreaker</Directory>
	</Mutation>
	<Builder>
		<!-- Application project name -->
		<Directory name="project_name">retrobreaker</Directory>
		<!-- The directory where the application project is located -->
		<Directory name="project_path">C:\muTool</Directory>
		<!-- Application project copy path. Source code is not affected when the build runs incorrectly or is interrupted-->
		<Directory name="build_path">C:\muTool\project_copy</Directory>
		<!-- Mutant APKs output directory -->
		<Directory name="apk_output">C:\muTool\apk_output</Directory>
		<!-- Project gradlew directory -->
		<Directory name="project_gradlew">C:\muTool\project_copy\retrobreaker\RetroBreaker</Directory>
	</Builder>
	<!-- Path to the installed python.exe executable file, You can ignore this configuration item -->
	<Python>D:\Python27\python</Python>
</Settings>