<?xml version="1.0" encoding="UTF-8"?>
<Settings>
	<!-- If the parent directory of muTool is not F:\, you only need to modify F:\ to be its directory -->
	<Mutation>
		<!-- Mutation home directory -->
		<Directory name="mutation_home">F:\muTool</Directory>
		<!-- Source package directory -->
		<Directory name="package_path">F:\muTool\retrobreaker\RetroBreaker\app\src\main\java</Directory>
		<!-- Source code bytecode directory -->
		<Directory name="classes_path">F:\muTool\retrobreaker\RetroBreaker\app\build\intermediates\classes\debug</Directory>
		<!-- AndroidManifest.xml manifest file path -->
		<Directory name="AndroidManifest_path">F:\muTool\retrobreaker\RetroBreaker\app\src\main</Directory>
		<!-- Mutant file output path -->
		<Directory name="mutants_path">F:\muTool\result\retrobreaker</Directory>
	</Mutation>
	<Builder>
		<!-- Application project name -->
		<Directory name="project_name">retrobreaker</Directory>
		<!-- The directory where the application project is located -->
		<Directory name="project_path">F:\muTool</Directory>
		<!-- Application project copy path. Source code is not affected when the build runs incorrectly or is interrupted-->
		<Directory name="build_path">F:\project_copy</Directory>
		<!-- Mutant APKs output directory -->
		<Directory name="apk_output">F:\muTool\apk_output</Directory>
	</Builder>
	<!-- Path to the installed python.exe executable file, You can ignore this configuration item -->
	<Python>D:\Python27\python</Python>
</Settings>