<?xml version="1.0" encoding="UTF-8"?>
<Settings>
	<Mutation>
		<!-- Mutation home directory -->
		<Directory name="mutation_home">F:\muTool</Directory>            
		<!-- mutating files package directory -->
		<Directory name="package_path">F:\muTool\MyApplication\app\src\main\java</Directory>     
		<!-- mutating files classes directory -->
		<Directory name="classes_path">F:\muTool\MyApplication\app\build\intermediates\classes\debug</Directory>
		<!-- Mutant files output directory -->
		<Directory name="mutants_path">F:\muTool\result</Directory>
		<Directory name="AndroidManifest_path">F:\muTool\MyApplication\app\src\main</Directory> 
	</Mutation>
	<Builder>
		<!-- Application project name -->
		<Directory name="project_name">MyApplication</Directory>     
		<!-- Application project directory -->
		<Directory name="project_path">F:\muTool</Directory>
		<!-- Application project copy path. Source code is not affected when the build runs incorrectly or is interrupted-->
		<Directory name="build_path">F:\muTool\project_copy</Directory>
		<!-- Mutant APKs output directory -->
		<Directory name="apk_output">F:\muTool\apk_output</Directory>
	</Builder>
	<!-- python instruction path -->
	<Python>D:\Python27\python</Python>
</Settings>